{"x_train": [0.6283891547049442, 0.7599681020733652, 0.5103668261562998, 0.74481658692185, 0.7511961722488039, 0.5143540669856459, 0.8604465709728868, 0.9776714513556619, 0.5199362041467305, 0.7543859649122807, 0.6395534290271132, 0.8755980861244019, 1.0, 0.7472089314194578, 0.5103668261562998, 0.9912280701754386, 0.9960127591706539, 0.6275917065390749], "label_x_train": [0.9078261304205997, 0.8125545874504109, 1.0, 0.8144658058949186, 0.8124006903010597, 0.9993123954288601, 0.7176513453504646, 0.6217244241352822, 0.9982587918679169, 0.8133513669223726, 0.9056715703296818, 0.7165678173438141, 0.6178888336437584, 0.8138492307773253, 0.9981867758941819, 0.6224824004798435, 0.6203765087182078, 0.9060020545927119], "x_test": [0.8668261562998405, 0.6331738437001595, 0.511164274322169, 0.8787878787878788, 0.6299840510366826, 0.9840510366826156, 0.8708133971291866], "label_x_test": [0.7183060659153329, 0.9074012690595701, 0.9994564273763298, 0.7134708016331514, 0.9051993559996212, 0.6225356725700035, 0.7201377050646631], "y_train": [0.3111455108359133, 0.9984520123839009, 0.4791021671826625, 0.3080495356037152, 0.6439628482972136, 0.8250773993808049, 0.30572755417956654, 0.30495356037151705, 1.0, 0.8204334365325078, 0.9976780185758514, 0.8188854489164087, 0.9876160990712074, 0.4729102167182663, 0.6509287925696594, 0.6408668730650154, 0.815015479876161, 0.47523219814241485], "label_y_train": [-0.9430644114905593, 0.989163371340614, -0.4696157258168792, -0.9668267387459508, 0.01474267223302237, 0.5009562723256701, -0.9691609202251877, -0.9560879298306371, 1.0, 0.5256563198863042, 0.9984225160812287, 0.503861631161098, 0.9987182240431937, -0.45984836815303953, 0.01633814598978402, 0.0020767019230012447, 0.5067118961176805, -0.4741626573689187], "y_test": [0.4713622291021672, 0.8243034055727554, 0.3142414860681115, 0.9930340557275542, 0.6439628482972136, 0.4698142414860681, 0.6431888544891641], "label_y_test": [-0.4818004679606608, 0.5096464884398426, -0.9340931041577889, 0.9950280585254404, 0.016325777976165714, -0.4747282129007377, -0.004141035832384182], "label_x_max": 304.0992, "label_y_max": 88.9391, "x_max": 1254, "y_max": 1292}