{"x_train": [0.4981949458483754, 0.7075812274368231, 0.27256317689530685, 0.9891696750902527, 0.9963898916967509, 0.7057761732851986, 0.27617328519855594, 0.48736462093862815, 0.983754512635379, 0.2743682310469314, 0.703971119133574, 0.4891696750902527, 0.7129963898916968, 0.7003610108303249, 0.4963898916967509], "label_x_train": [0.895449338748308, 0.7998542122253464, 0.996285882883821, 0.668853483286473, 0.6658683050435629, 0.7954111562358986, 0.995418098510882, 0.9036065118539346, 0.6658683050435629, 1.0, 0.7983269117289736, 0.8996147037384152, 0.7946475059877123, 0.8007914193481204, 0.8952063591238849], "x_test": [0.2851985559566787, 0.9927797833935018, 1.0, 0.2833935018050541, 0.4855595667870036], "label_x_test": [0.992502343017807, 0.6661807074178209, 0.6720816411538062, 0.9923287861432192, 0.8956923183727309], "y_train": [0.37858719646799116, 0.5110375275938189, 0.8189845474613686, 0.8222958057395143, 0.5110375275938189, 0.8233995584988962, 0.6368653421633554, 0.9966887417218543, 1.0, 0.9944812362030905, 0.6423841059602649, 0.6412803532008831, 0.37969094922737306, 0.9977924944812362, 0.5088300220750552], "label_y_train": [0.6679851668726823, 0.3276885043263288, -0.49072929542645244, -0.5105067985166872, 0.2995055624227441, -0.5278121137206427, -0.03263288009888751, -0.9888751545117428, -1.0, -0.9987639060568602, -0.03275648949320148, -0.03399258343634116, 0.680716934487021, -0.9987639060568602, 0.3221260815822002], "y_test": [0.37527593818984545, 0.6445916114790287, 0.37969094922737306, 0.5077262693156733, 0.8222958057395143], "label_y_test": [0.684301606922126, -0.04932014833127318, 0.6582200247218788, 0.3274412855377008, -0.515451174289246], "label_x_max": 288.09, "label_y_max": 80.9, "x_max": 554, "y_max": 906}